TDSFU Daily run: Mon Oct 27 04:47:06 UTC 2025 TDSFU
TDSFU Daily run: Tue Oct 28 04:45:21 UTC 2025 TDSFU
TDSFU Daily run: Wed Oct 29 04:50:00 UTC 2025 TDSFU
TDSFU Daily run: Thu Oct 30 04:44:21 UTC 2025 TDSFU
TDSFU Daily run: Fri Oct 31 04:58:15 UTC 2025 TDSFU
TDSFU Daily run: Sat Nov  1 04:40:10 UTC 2025 TDSFU
TDSFU Daily run: Sun Nov  2 04:44:08 UTC 2025 TDSFU
TDSFU Daily run: Mon Nov  3 04:40:47 UTC 2025 TDSFU
TDSFU Daily run: Tue Nov  4 04:34:58 UTC 2025 TDSFU
TDSFU Daily run: Wed Nov  5 04:35:29 UTC 2025 TDSFU
TDSFU Daily run: Thu Nov  6 04:40:45 UTC 2025 TDSFU
TDSFU Daily run: Fri Nov  7 04:34:59 UTC 2025 TDSFU
